index,shape-type,vertex-index,axis-0,axis-1
0,rectangle,0,911.2284447540674,1719.258704864863
0,rectangle,1,911.2284447540674,2112.3489466976516
0,rectangle,2,1540.1728316865294,2112.3489466976516
0,rectangle,3,1540.1728316865294,1719.258704864863
