index,shape-type,vertex-index,axis-0,axis-1
0,rectangle,0,727.7863318987663,2269.585043430767
0,rectangle,1,727.7863318987663,2763.131680398602
0,rectangle,2,1326.1570333553445,2763.131680398602
0,rectangle,3,1326.1570333553445,2269.585043430767
