index,shape-type,vertex-index,axis-0,axis-1
0,rectangle,0,1050.9938640723926,2444.291817578673
0,rectangle,1,1050.9938640723926,2697.616640093137
0,rectangle,2,1396.039743014507,2697.616640093137
0,rectangle,3,1396.039743014507,2444.291817578673
