index,shape-type,vertex-index,axis-0,axis-1
0,rectangle,0,754.3874803322592,447.82891319355497
0,rectangle,1,754.3874803322592,1140.3329559187982
0,rectangle,2,1174.0869001657395,1140.3329559187982
0,rectangle,3,1174.0869001657395,447.82891319355497
