index,shape-type,vertex-index,axis-0,axis-1
0,rectangle,0,1461.5547833199714,2636.4692691413698
0,rectangle,1,1461.5547833199714,2763.131680398602
0,rectangle,2,1732.350283249226,2763.131680398602
0,rectangle,3,1732.350283249226,2636.4692691413698
1,rectangle,0,1195.126952744415,2671.4106239709513
1,rectangle,1,1195.126952744415,2942.2061239002055
1,rectangle,2,1575.1141865161105,2942.2061239002055
1,rectangle,3,1575.1141865161105,2671.4106239709513
