index,shape-type,vertex-index,axis-0,axis-1
0,rectangle,0,500.66752550648835,2474.865503054557
0,rectangle,1,500.66752550648835,2675.778293324649
0,rectangle,2,889.3900979855794,2675.778293324649
0,rectangle,3,889.3900979855794,2474.865503054557
