index,shape-type,vertex-index,axis-0,axis-1
0,rectangle,0,1190.7592833907174,2291.423390199255
0,rectangle,1,1190.7592833907174,2601.5279143117887
0,rectangle,2,1627.5262187604826,2601.5279143117887
0,rectangle,3,1627.5262187604826,2291.423390199255
