index,shape-type,vertex-index,axis-0,axis-1
0,rectangle,0,267.69439584319707,244.18359083416314
0,rectangle,1,267.69439584319707,808.2741791333057
0,rectangle,2,431.19891419077453,808.2741791333057
0,rectangle,3,431.19891419077453,244.18359083416314
