index,shape-type,vertex-index,axis-0,axis-1
0,rectangle,0,976.7434850595325,2741.2933336301135
0,rectangle,1,976.7434850595325,3099.442220633321
0,rectangle,2,1417.8780897829952,3099.442220633321
0,rectangle,3,1417.8780897829952,2741.2933336301135
1,rectangle,0,1037.8908560112995,2304.5263982603483
1,rectangle,1,1037.8908560112995,2614.6309223728817
1,rectangle,2,1452.8194446125765,2614.6309223728817
1,rectangle,3,1452.8194446125765,2304.5263982603483
