index,shape-type,vertex-index,axis-0,axis-1
0,rectangle,0,1282.480339818368,2383.144446626906
0,rectangle,1,1282.480339818368,2457.394825639766
0,rectangle,2,1553.2758397476225,2457.394825639766
0,rectangle,3,1553.2758397476225,2383.144446626906
