index,shape-type,vertex-index,axis-0,axis-1
0,rectangle,0,1077.1998801945783,2422.453470810185
0,rectangle,1,1077.1998801945783,2719.4549868616255
0,rectangle,2,1470.290122027367,2719.4549868616255
0,rectangle,3,1470.290122027367,2422.453470810185
