index,shape-type,vertex-index,axis-0,axis-1
0,rectangle,0,1230.0683075739962,2212.8053418326976
0,rectangle,1,1230.0683075739962,2605.8955836654864
0,rectangle,2,1806.6006622620864,2605.8955836654864
0,rectangle,3,1806.6006622620864,2212.8053418326976
