index,shape-type,vertex-index,axis-0,axis-1
0,rectangle,0,1400.4074123682046,2675.778293324649
0,rectangle,1,1400.4074123682046,2732.557994922718
0,rectangle,2,1653.7322348826685,2732.557994922718
0,rectangle,3,1653.7322348826685,2675.778293324649
