index,shape-type,vertex-index,axis-0,axis-1
0,rectangle,0,981.11115441323,2199.7023337716046
0,rectangle,1,981.11115441323,3016.456502913066
0,rectangle,2,1736.7179526029236,3016.456502913066
0,rectangle,3,1736.7179526029236,2199.7023337716046
