index,shape-type,vertex-index,axis-0,axis-1
0,ellipse,0,748.3917743346378,966.4574819877847
0,ellipse,1,748.3917743346378,1263.244928870032
0,ellipse,2,937.256513259704,1263.244928870032
0,ellipse,3,937.256513259704,966.4574819877847
