index,shape-type,vertex-index,axis-0,axis-1
0,rectangle,0,214.55542738023433,227.83313899940538
0,rectangle,1,214.55542738023433,808.2741791333057
0,rectangle,2,382.14755868650127,808.2741791333057
0,rectangle,3,382.14755868650127,227.83313899940538
