index,shape-type,vertex-index,axis-0,axis-1
0,rectangle,0,1182.023944683322,2553.4835514211145
0,rectangle,1,1182.023944683322,2824.279051350369
0,rectangle,2,1470.290122027367,2824.279051350369
0,rectangle,3,1470.290122027367,2553.4835514211145
