index,shape-type,vertex-index,axis-0,axis-1
0,rectangle,0,950.5374689373466,2461.762494993464
0,rectangle,1,950.5374689373466,2719.4549868616255
0,rectangle,2,1247.5389849887868,2719.4549868616255
0,rectangle,3,1247.5389849887868,2461.762494993464
