index,shape-type,vertex-index,axis-0,axis-1
0,rectangle,0,885.0224286318817,2252.1143660159764
0,rectangle,1,885.0224286318817,2579.6895675433007
0,rectangle,2,1317.4216946479494,2579.6895675433007
0,rectangle,3,1317.4216946479494,2252.1143660159764
