index,shape-type,vertex-index,axis-0,axis-1
0,rectangle,0,1212.5976301592057,2439.9241482249754
0,rectangle,1,1212.5976301592057,2688.8813013857416
0,rectangle,2,1618.7908800530872,2688.8813013857416
0,rectangle,3,1618.7908800530872,2439.9241482249754
