index,shape-type,vertex-index,axis-0,axis-1
0,rectangle,0,1103.4058963167643,2562.21889012851
0,rectangle,1,1103.4058963167643,3492.53246246611
0,rectangle,2,2330.7209847058048,3492.53246246611
0,rectangle,3,2330.7209847058048,2562.21889012851
