index,shape-type,vertex-index,axis-0,axis-1
0,rectangle,0,1024.7878479502067,2653.9399465561605
0,rectangle,1,1024.7878479502067,2767.4993497522996
0,rectangle,2,1230.0683075739962,2767.4993497522996
0,rectangle,3,1230.0683075739962,2653.9399465561605
