index,shape-type,vertex-index,axis-0,axis-1
0,rectangle,0,1125.2442430852525,2313.2617369677437
0,rectangle,1,1125.2442430852525,3103.809889987019
0,rectangle,2,1876.4833719212486,3103.809889987019
0,rectangle,3,1876.4833719212486,2313.2617369677437
