index,shape-type,vertex-index,axis-0,axis-1
0,rectangle,0,815.1397189727193,2239.0113579548834
0,rectangle,1,815.1397189727193,2889.7940916558337
0,rectangle,2,1500.8638075032509,2889.7940916558337
0,rectangle,3,1500.8638075032509,2239.0113579548834
