index,shape-type,vertex-index,axis-0,axis-1
0,rectangle,0,946.1697995836489,2509.806857884138
0,rectangle,1,946.1697995836489,2876.6910835947406
0,rectangle,2,1496.496138149553,2876.6910835947406
0,rectangle,3,1496.496138149553,2509.806857884138
1,rectangle,0,1216.9652995129034,2457.394825639766
1,rectangle,1,1216.9652995129034,2688.8813013857416
1,rectangle,2,1535.805162332832,2688.8813013857416
1,rectangle,3,1535.805162332832,2457.394825639766
