index,shape-type,vertex-index,axis-0,axis-1
0,rectangle,0,845.8246399731737,2107.4330207194057
0,rectangle,1,845.8246399731737,2942.848796226784
0,rectangle,2,1425.5008923660496,2942.848796226784
0,rectangle,3,1425.5008923660496,2107.4330207194057
