index,shape-type,vertex-index,axis-0,axis-1
0,rectangle,0,960.9074253746984,1723.8237360476505
0,rectangle,1,960.9074253746984,2375.9595199896344
0,rectangle,2,1331.7297338907288,2375.9595199896344
0,rectangle,3,1331.7297338907288,1723.8237360476505
