index,shape-type,vertex-index,axis-0,axis-1
0,rectangle,0,1041.8916076942928,1898.579076842561
0,rectangle,1,1041.8916076942862,3219.899946267502
0,rectangle,2,1877.3073832016726,3219.8999462674965
0,rectangle,3,1877.3073832016794,1898.5790768425557
