index,shape-type,vertex-index,axis-0,axis-1
0,rectangle,0,764.8404576535805,1630.0525775723324
0,rectangle,1,764.8404576535805,2307.762313825767
0,rectangle,2,1152.7120677105781,2307.762313825767
0,rectangle,3,1152.7120677105781,1630.0525775723324
