index,shape-type,vertex-index,axis-0,axis-1
0,rectangle,0,959.0793224943018,1775.3352398158308
0,rectangle,1,959.079322494301,2156.8169145058764
0,rectangle,2,1206.8457710043306,2156.8169145058755
0,rectangle,3,1206.8457710043313,1775.3352398158302
