index,shape-type,vertex-index,axis-0,axis-1
0,rectangle,0,868.6249047842914,1574.7624155482522
0,rectangle,1,868.6249047842914,2506.83619803836
0,rectangle,2,1265.8377825543373,2506.83619803836
0,rectangle,3,1265.8377825543373,1574.7624155482522
