index,shape-type,vertex-index,axis-0,axis-1
0,rectangle,0,1163.5849625343255,1102.8263081457528
0,rectangle,1,1163.5849625343255,1566.8967990058068
0,rectangle,2,1482.1418249043625,1566.8967990058068
0,rectangle,3,1482.1418249043625,1102.8263081457528
