index,shape-type,vertex-index,axis-0,axis-1
0,rectangle,0,821.4312955442858,1185.4151243157626
0,rectangle,1,821.4312955442858,1728.1416305758255
0,rectangle,2,1230.4425756243331,1728.1416305758255
0,rectangle,3,1230.4425756243331,1185.4151243157626
